<?xml version="1.0" encoding="utf-8"?>
<extension type="component" version="3.6" method="upgrade">
	<name>COM_SPEASYIMAGEGALLERY</name>
	<creationDate>Mar 2017</creationDate>
	<author>JoomShaper</author>
	<authorEmail>support@joomshaper.com</authorEmail>
	<authorUrl>http://www.joomshaper.com</authorUrl>
	<copyright>@JoomShaper 2010 - 2021. All rights reserved.</copyright>
	<license>GNU General Public License version 2 or later</license>
	<version>2.0.2</version>
	<description>A simple image gallery component for Joomla.</description>
	<scriptfile>installer.script.php</scriptfile>

	<updateservers>
		<server type="extension" priority="1" name="SP Easy Image Gallery">https://www.joomshaper.com/updates/com-sp-easyimagegallery.xml</server>
	</updateservers>

	<install> <!-- Runs on install -->
		<sql>
			<file driver="mysql" charset="utf8">sql/install.mysql.utf8.sql</file>
		</sql>
	</install>

	<uninstall> <!-- Runs on uninstall -->
		<sql>
			<file driver="mysql" charset="utf8">sql/uninstall.mysql.utf8.sql</file>
		</sql>
	</uninstall>
	<update>
		<schemas>
			<schemapath type="mysql">sql/updates/</schemapath>
			<schemapath type="mysqli">sql/updates/</schemapath>
		</schemas>
	</update>

	<modules>
		<module module="mod_speasyimagegallery" client="site" />
	</modules>

	<files folder="site">
		<filename>speasyimagegallery.php</filename>
		<filename>controller.php</filename>
		<filename>router.php</filename>
		<folder>views</folder>
		<folder>models</folder>
		<folder>layouts</folder>
		<folder>assets</folder>
	</files>
	<languages folder="language/site">
		<language tag="en-GB">en-GB/en-GB.com_speasyimagegallery.ini</language>
	</languages>

	<administration>
		<menu link='index.php?option=com_speasyimagegallery'>COM_SPEASYIMAGEGALLERY</menu>
		<submenu>
			<menu
				link="option=com_speasyimagegallery&amp;view=albums"
				view="albums"
				>
				COM_SPEASYIMAGEGALLERY_SUBMENU_ALBUMS
			</menu>
			<menu
				link="option=com_categories&amp;view=categories&amp;extension=com_speasyimagegallery"
				view="categories"
				>
				COM_SPEASYIMAGEGALLERY_SUBMENU_CATEGORIES
			</menu>
		</submenu>
		<files folder="admin">
			<filename>speasyimagegallery.php</filename>
			<filename>config.xml</filename>
			<filename>controller.php</filename>
			<filename>access.xml</filename>
			<folder>assets</folder>
			<folder>controllers</folder>
			<folder>helpers</folder>
			<folder>layouts</folder>
			<folder>models</folder>
			<folder>sql</folder>
			<folder>tables</folder>
			<folder>views</folder>
		</files>
		<languages folder="language/admin">
			<language tag="en-GB">en-GB/en-GB.com_speasyimagegallery.ini</language>
			<language tag="en-GB">en-GB/en-GB.com_speasyimagegallery.sys.ini</language>
		</languages>
	</administration>

</extension>
