<?xml version="1.0" encoding="utf-8"?>
<extension version="3.4" type="plugin" group="system" method="upgrade">
	<name>plg_system_nrframework</name>
	<description>PLG_SYSTEM_NRFRAMEWORK_DESC</description>
	<version>4.10.39</version>
	<creationDate>August 2016</creationDate>
	<author>Tassos Marinos</author>
	<copyright>Copyright © 2021 Tassos Marinos All Rights Reserved</copyright>
	<license>http://www.gnu.org/licenses/gpl-3.0.html GNU/GPL</license>
	<authorEmail>info@tassos.gr</authorEmail>
	<authorUrl>http://www.tassos.gr</authorUrl>
	<scriptfile>script.install.php</scriptfile>
	<files>
		<filename plugin="nrframework">nrframework.php</filename>
		<filename>script.install.helper.php</filename>
		<filename>autoload.php</filename>
		<folder>fields</folder>
		<folder>helpers</folder>
		<folder>xml</folder>
		<folder>language</folder>
		<folder>layouts</folder>
		<folder>NRFramework</folder>
	</files>
	<config>
		<fields name="params" addfieldpath="/plugins/system/nrframework/fields">
			<fieldset name="basic">
				<field name="key" type="nrtext" 
					size="15"
					label="NR_DOWNLOAD_KEY"
					description="NR_DOWNLOAD_KEY_DESC"
					url="https://www.tassos.gr/downloads"
					urltext="NR_DOWNLOAD_KEY_FIND"
					urlclass="btn"
				/>
			</fieldset>
			<fieldset name="advanced">
				<field name="gmapkey" type="nrtext" 
					size="15"
					label="NR_GMAP_KEY"
					description="NR_GMAP_KEY_DESC"
					url="https://developers.google.com/maps/documentation/javascript/get-api-key"
					urltext="NR_GMAP_FIND_KEY"
					urlclass="btn"
				/>
			</fieldset>
		</fields>
	</config>
    <media folder="media" destination="plg_system_nrframework">
        <folder>img</folder>
        <folder>css</folder>
        <folder>js</folder>
        <folder>svg</folder>
    </media>
</extension>
