<?xml version="1.0" encoding="utf-8"?>
<extension version="3.4.0" type="plugin" group="convertformsapps" method="upgrade">
	<name>PLG_CONVERTFORMSAPPS_ACYMAILING</name>
	<description>PLG_CONVERTFORMSAPPS_ACYMAILING_DESC</description>
    <version>1.0</version>
    <author>Tassos Marinos</author>
    <authorEmail>info@tassos.gr</authorEmail>
    <authorUrl>http://www.tassos.gr</authorUrl>
    <copyright>Copyright (c)2011-2016 Tassos Marinos</copyright>
    <license>GNU General Public License version 3, or later</license>
    <creationDate>November 2021</creationDate>
    <scriptfile>script.install.php</scriptfile>
	<files>
		<folder>language</folder>
		<filename plugin="acymailing">acymailing.php</filename>
        <filename>script.install.helper.php</filename>
	</files>
</extension>