<?xml version="1.0" encoding="utf-8"?>
<form>
    <fieldset name="general">
        <field name="value" type="text"
            label="NR_ASSIGN_COOKIENAME_NAME"
            description="NR_ASSIGN_COOKIENAME_NAME_DESC"
            hint="NR_ASSIGN_COOKIENAME_NAME"
        />
        <fields name="params">
            <field name="operator" type="comparator">
                <option value="exists">NR_EXISTS</option>
                <option value="not_exists">NR_NOT_EXISTS</option>
                <option value="empty">NR_IS_EMPTY</option>
                <option value="not_empty">NR_IS_NOT_EMPTY</option>
                <option value="equal">NR_IS_EQUAL</option>
                <option value="not_equal">NR_DOES_NOT_EQUAL</option>
                <option value="includes">NR_CONTAINS</option>
                <option value="not_includes">NR_DOES_NOT_CONTAIN</option>
                <option value="starts_with">NR_STARTS_WITH</option>
                <option value="not_starts_with">NR_DOES_NOT_START_WITH</option>
                <option value="ends_with">NR_ENDS_WITH</option>
                <option value="not_ends_with">NR_DOES_NOT_END_WITH</option>
            </field>
            <field name="content" type="text"
                label="NR_ASSIGN_COOKIENAME_CONTENT"
                description="NR_ASSIGN_COOKIENAME_CONTENT_DESC"
                hint="NR_ASSIGN_COOKIENAME_CONTENT"
                showon="operator:equal,not_equal,includes,not_includes,starts_with,not_starts_with,ends_with,not_ends_with"
            />
        </fields>
    </fieldset>
</form>